,Datum,Timestamp,Baden-Württemberg Faelle,Baden-Württemberg Faelle pro 100000,Baden-Württemberg Todesfaelle,Baden-Württemberg Todesfaelle pro 100000,Baden-Württemberg neue Faelle,Baden-Württemberg neue Faelle pro 100000,Baden-Württemberg Wachstumsrate (5d),Baden-Württemberg Verdopplungszeit (5d),Bayern Faelle,Bayern Faelle pro 100000,Bayern Todesfaelle,Bayern Todesfaelle pro 100000,Bayern neue Faelle,Bayern neue Faelle pro 100000,Bayern Wachstumsrate (5d),Bayern Verdopplungszeit (5d),Berlin Faelle,Berlin Faelle pro 100000,Berlin Todesfaelle,Berlin Todesfaelle pro 100000,Berlin neue Faelle,Berlin neue Faelle pro 100000,Berlin Wachstumsrate (5d),Berlin Verdopplungszeit (5d),Brandenburg Faelle,Brandenburg Faelle pro 100000,Brandenburg Todesfaelle,Brandenburg Todesfaelle pro 100000,Brandenburg neue Faelle,Brandenburg neue Faelle pro 100000,Brandenburg Wachstumsrate (5d),Brandenburg Verdopplungszeit (5d),Bremen Faelle,Bremen Faelle pro 100000,Bremen Todesfaelle,Bremen Todesfaelle pro 100000,Bremen neue Faelle,Bremen neue Faelle pro 100000,Bremen Wachstumsrate (5d),Bremen Verdopplungszeit (5d),Hamburg Faelle,Hamburg Faelle pro 100000,Hamburg Todesfaelle,Hamburg Todesfaelle pro 100000,Hamburg neue Faelle,Hamburg neue Faelle pro 100000,Hamburg Wachstumsrate (5d),Hamburg Verdopplungszeit (5d),Hessen Faelle,Hessen Faelle pro 100000,Hessen Todesfaelle,Hessen Todesfaelle pro 100000,Hessen neue Faelle,Hessen neue Faelle pro 100000,Hessen Wachstumsrate (5d),Hessen Verdopplungszeit (5d),Mecklenburg-Vorpommern Faelle,Mecklenburg-Vorpommern Faelle pro 100000,Mecklenburg-Vorpommern Todesfaelle,Mecklenburg-Vorpommern Todesfaelle pro 100000,Mecklenburg-Vorpommern neue Faelle,Mecklenburg-Vorpommern neue Faelle pro 100000,Mecklenburg-Vorpommern Wachstumsrate (5d),Mecklenburg-Vorpommern Verdopplungszeit (5d),Niedersachsen Faelle,Niedersachsen Faelle pro 100000,Niedersachsen Todesfaelle,Niedersachsen Todesfaelle pro 100000,Niedersachsen neue Faelle,Niedersachsen neue Faelle pro 100000,Niedersachsen Wachstumsrate (5d),Niedersachsen Verdopplungszeit (5d),Nordrhein-Westfalen Faelle,Nordrhein-Westfalen Faelle pro 100000,Nordrhein-Westfalen Todesfaelle,Nordrhein-Westfalen Todesfaelle pro 100000,Nordrhein-Westfalen neue Faelle,Nordrhein-Westfalen neue Faelle pro 100000,Nordrhein-Westfalen Wachstumsrate (5d),Nordrhein-Westfalen Verdopplungszeit (5d),Rheinland-Pfalz Faelle,Rheinland-Pfalz Faelle pro 100000,Rheinland-Pfalz Todesfaelle,Rheinland-Pfalz Todesfaelle pro 100000,Rheinland-Pfalz neue Faelle,Rheinland-Pfalz neue Faelle pro 100000,Rheinland-Pfalz Wachstumsrate (5d),Rheinland-Pfalz Verdopplungszeit (5d),Saarland Faelle,Saarland Faelle pro 100000,Saarland Todesfaelle,Saarland Todesfaelle pro 100000,Saarland neue Faelle,Saarland neue Faelle pro 100000,Saarland Wachstumsrate (5d),Saarland Verdopplungszeit (5d),Sachsen Faelle,Sachsen Faelle pro 100000,Sachsen Todesfaelle,Sachsen Todesfaelle pro 100000,Sachsen neue Faelle,Sachsen neue Faelle pro 100000,Sachsen Wachstumsrate (5d),Sachsen Verdopplungszeit (5d),Sachsen-Anhalt Faelle,Sachsen-Anhalt Faelle pro 100000,Sachsen-Anhalt Todesfaelle,Sachsen-Anhalt Todesfaelle pro 100000,Sachsen-Anhalt neue Faelle,Sachsen-Anhalt neue Faelle pro 100000,Sachsen-Anhalt Wachstumsrate (5d),Sachsen-Anhalt Verdopplungszeit (5d),Schleswig-Holstein Faelle,Schleswig-Holstein Faelle pro 100000,Schleswig-Holstein Todesfaelle,Schleswig-Holstein Todesfaelle pro 100000,Schleswig-Holstein neue Faelle,Schleswig-Holstein neue Faelle pro 100000,Schleswig-Holstein Wachstumsrate (5d),Schleswig-Holstein Verdopplungszeit (5d),Thüringen Faelle,Thüringen Faelle pro 100000,Thüringen Todesfaelle,Thüringen Todesfaelle pro 100000,Thüringen neue Faelle,Thüringen neue Faelle pro 100000,Thüringen Wachstumsrate (5d),Thüringen Verdopplungszeit (5d)
0,2020-03-04,2020-03-04,50.0,0.4516902384228856,0.0,0.0,,,,,48.0,0.3670644957554726,0.0,0.0,,,,,7.0,0.1920530637127808,0.0,0.0,,,,,1.0,0.03981023258332182,0.0,0.0,,,,,3.0,0.439247656613752,0.0,0.0,,,,,3.0,0.16293907327858942,0.0,0.0,,,,,12.0,0.19151557284941179,0.0,0.0,,,,,4.0,0.24849736748101325,0.0,0.0,,,,,7.0,0.0876923971192797,0.0,0.0,,,,,115.0,0.6412883404690137,0.0,0.0,,,,,7.0,0.171365173308944,0.0,0.0,,,,,1.0,0.10095819422135488,0.0,0.0,,,,,1.0,0.024522203261109723,0.0,0.0,,,,,0.0,0.0,0.0,0.0,,,,,2.0,0.06904379862409518,0.0,0.0,,,,,1.0,0.0466603986197854,0.0,0.0,,,,
1,2020-03-05,2020-03-05,73.0,0.6594677480974129,0.0,0.0,23.0,0.20777750967452738,,,70.0,0.5353023896433976,0.0,0.0,22.0,0.16823789388792496,,,13.0,0.35666997546659296,0.0,0.0,6.0,0.16461691175381213,,,1.0,0.03981023258332182,0.0,0.0,0.0,0.0,,,3.0,0.439247656613752,0.0,0.0,0.0,0.0,,,5.0,0.2715651221309824,0.0,0.0,2.0,0.10862604885239295,,,14.0,0.2234348349909804,0.0,0.0,2.0,0.03191926214156863,,,4.0,0.24849736748101325,0.0,0.0,0.0,0.0,,,18.0,0.22549473544957638,0.0,0.0,11.0,0.13780233833029668,,,181.0,1.0093320836947086,0.0,0.0,66.0,0.36804374322569483,,,8.0,0.19584591235307885,0.0,0.0,1.0,0.024480739044134857,,,1.0,0.10095819422135488,0.0,0.0,0.0,0.0,,,1.0,0.024522203261109723,0.0,0.0,0.0,0.0,,,0.0,0.0,0.0,0.0,0.0,0.0,,,7.0,0.24165329518433312,0.0,0.0,5.0,0.17260949656023794,,,1.0,0.0466603986197854,0.0,0.0,0.0,0.0,,
2,2020-03-06,2020-03-06,96.0,0.8672452577719404,0.0,0.0,23.0,0.20777750967452738,,,117.0,0.8947197084039645,0.0,0.0,47.0,0.35941731876056693,,,19.0,0.5212868872204051,0.0,0.0,6.0,0.16461691175381213,,,2.0,0.07962046516664364,0.0,0.0,1.0,0.03981023258332182,,,4.0,0.5856635421516693,0.0,0.0,1.0,0.14641588553791732,,,11.0,0.5974432686881612,0.0,0.0,6.0,0.32587814655717884,,,16.0,0.25535409713254903,0.0,0.0,2.0,0.03191926214156863,,,5.0,0.31062170935126654,0.0,0.0,1.0,0.06212434187025331,,,18.0,0.22549473544957638,0.0,0.0,0.0,0.0,,,329.0,1.8346422957765696,0.0,0.0,148.0,0.8253102120818612,,,10.0,0.24480739044134858,0.0,0.0,2.0,0.048961478088269714,,,2.0,0.20191638844270976,0.0,0.0,1.0,0.10095819422135488,,,2.0,0.04904440652221945,0.0,0.0,1.0,0.024522203261109723,,,0.0,0.0,0.0,0.0,0.0,0.0,,,7.0,0.24165329518433312,0.0,0.0,0.0,0.0,,,1.0,0.0466603986197854,0.0,0.0,0.0,0.0,,
3,2020-03-07,2020-03-07,170.0,1.535746810637811,0.0,0.0,74.0,0.6685015528658707,,,134.0,1.024721717317361,0.0,0.0,17.0,0.13000200891339656,,,28.0,0.7682122548511232,0.0,0.0,9.0,0.24692536763071818,,,2.0,0.07962046516664364,0.0,0.0,0.0,0.0,,,4.0,0.5856635421516693,0.0,0.0,0.0,0.0,,,13.0,0.7060693175405541,0.0,0.0,2.0,0.10862604885239295,,,17.0,0.2713137282033334,0.0,0.0,1.0,0.015959631070784314,,,5.0,0.31062170935126654,0.0,0.0,0.0,0.0,,,19.0,0.23802222075233062,0.0,0.0,1.0,0.012527485302754243,,,373.0,2.0800047912603663,0.0,0.0,44.0,0.24536249548379654,,,13.0,0.31824960757375315,0.0,0.0,3.0,0.07344221713240458,,,3.0,0.30287458266406464,0.0,0.0,1.0,0.10095819422135488,,,4.0,0.0980888130444389,0.0,0.0,2.0,0.04904440652221945,,,0.0,0.0,0.0,0.0,0.0,0.0,,,8.0,0.2761751944963807,0.0,0.0,1.0,0.03452189931204759,,,2.0,0.0933207972395708,0.0,0.0,1.0,0.0466603986197854,,
4,2020-03-08,2020-03-08,182.0,1.6441524678593036,0.0,0.0,12.0,0.10840565722149255,,,172.0,1.3153144431237769,0.0,0.0,38.0,0.2905927258064158,,,40.0,1.0974460783587474,0.0,0.0,12.0,0.32923382350762426,,,4.0,0.1592409303332873,0.0,0.0,2.0,0.07962046516664364,,,4.0,0.5856635421516693,0.0,0.0,0.0,0.0,,,13.0,0.7060693175405541,0.0,0.0,0.0,0.0,,,19.0,0.303232990344902,0.0,0.0,2.0,0.03191926214156863,,,8.0,0.4969947349620265,0.0,0.0,3.0,0.18637302561075994,,,21.0,0.26307719135783914,0.0,0.0,2.0,0.025054970605508486,,,398.0,2.2194153000579777,0.0,0.0,25.0,0.1394105087976117,,,19.0,0.4651340418385623,0.0,0.0,6.0,0.14688443426480915,,,9.0,0.9086237479921939,0.0,0.0,6.0,0.6057491653281293,,,4.0,0.0980888130444389,0.0,0.0,0.0,0.0,,,0.0,0.0,0.0,0.0,0.0,0.0,,,7.0,0.24165329518433312,0.0,0.0,-1.0,-0.03452189931204759,,,2.0,0.0933207972395708,0.0,0.0,0.0,0.0,,
5,2020-03-09,2020-03-09,204.0,1.8428961727653732,0.0,0.0,22.0,0.19874370490606966,1.2697022767075306,2.5719941867644365,256.0,1.957677310695854,0.0,0.0,84.0,0.6423628675720771,1.3844731977818854,2.327024149690818,48.0,1.316935294030497,0.0,0.0,8.0,0.2194892156717495,1.383177570093458,2.064816170942353,6.0,0.23886139549993093,0.0,0.0,2.0,0.07962046516664364,1.5,1.6207652439467197,4.0,0.5856635421516693,0.0,0.0,0.0,0.0,1.0555555555555556,12.047104199291288,17.0,0.9233214152453401,0.0,0.0,4.0,0.2172520977047859,1.3111111111111111,2.651058933880274,26.0,0.41495040784039217,0.0,0.0,7.0,0.1117174174954902,1.1794871794871795,4.916186141139375,10.0,0.6212434187025331,0.0,0.0,2.0,0.12424868374050663,1.2307692307692308,3.0102999534298904,38.0,0.47604444150466124,0.0,0.0,17.0,0.21296725014682213,1.3734939759036144,4.2045116655592505,484.0,2.698987450321762,0.0,0.0,86.0,0.4795721502637842,1.2643266475644699,3.212628924292066,17.0,0.4161725637502926,0.0,0.0,-2.0,-0.048961478088269714,1.1754385964912282,3.2248440946875827,6.0,0.6057491653281293,0.0,0.0,-3.0,-0.30287458266406464,1.3125,1.3624256621248119,12.0,0.2942664391333167,0.0,0.0,8.0,0.1961776260888778,1.9166666666666665,1.2240014441138047,0.0,0.0,0.0,0.0,0.0,0.0,,,9.0,0.3106970938084283,0.0,0.0,2.0,0.06904379862409518,1.225806451612903,13.790437448599736,2.0,0.0933207972395708,0.0,0.0,0.0,0.0,1.142857142857143,3.3333333334065607
6,2020-03-10,2020-03-10,237.0,2.1410117301244775,0.0,0.0,33.0,0.2981155573591045,1.2262068965517243,3.483597253311913,314.0,2.4012135764003832,0.0,0.0,58.0,0.4435362657045294,1.3257676902536715,2.6438080428161843,48.0,1.316935294030497,0.0,0.0,0.0,0.0,1.2364864864864864,2.89714199719006,9.0,0.3582920932498964,0.0,0.0,3.0,0.11943069774996547,1.5333333333333332,1.6878171240042759,4.0,0.5856635421516693,0.0,0.0,0.0,0.0,1.0526315789473684,,29.0,1.5750777083596978,0.0,0.0,12.0,0.6517562931143577,1.4067796610169492,3.140583303452582,35.0,0.558587087477451,0.0,0.0,9.0,0.14363667963705884,1.2282608695652175,3.4824483947940723,13.0,0.807616444313293,0.0,0.0,3.0,0.18637302561075994,1.2812499999999998,2.661681694268741,49.0,0.613846779834958,0.0,0.0,11.0,0.13780233833029668,1.2719298245614035,2.570978463265045,484.0,2.698987450321762,0.0,0.0,0.0,0.0,1.1716713881019831,6.7128945944877145,25.0,0.6120184761033715,0.0,0.0,8.0,0.19584591235307885,1.2537313432835822,3.29937254514659,7.0,0.7067073595494842,0.0,0.0,1.0,0.10095819422135488,1.2857142857142858,2.1669834806379984,22.0,0.5394884717444139,0.0,0.0,10.0,0.24522203261109723,1.9130434782608698,1.175941312553316,7.0,0.31698290239507754,0.0,0.0,7.0,0.31698290239507754,inf,,9.0,0.3106970938084283,0.0,0.0,0.0,0.0,1.0526315789473684,11.172370956360856,4.0,0.1866415944791416,0.0,0.0,2.0,0.0933207972395708,1.375,2.5000000000398317
7,2020-03-11,2020-03-11,277.0,2.5023639208627864,0.0,0.0,40.0,0.3613521907383085,1.2035995500562429,5.587681406878202,366.0,2.7988667801354787,0.0,0.0,52.0,0.39765320373509533,1.2507552870090635,2.654225575446573,90.0,2.469253676307182,0.0,0.0,42.0,1.152318382276685,1.3879781420765025,2.753280651085896,24.0,0.9554455819997237,0.0,0.0,15.0,0.5971534887498273,1.956521739130435,1.199062332848459,21.0,3.0747335962962636,0.0,0.0,17.0,2.4890700541445945,1.85,2.0900236534068046,48.0,2.6070251724574307,0.0,0.0,19.0,1.031947464097733,1.4457831325301203,2.0298028473944605,48.0,0.7660622913976471,0.0,0.0,13.0,0.20747520392019608,1.2831858407079646,2.5797432015944164,17.0,1.0561138117943063,0.0,0.0,4.0,0.24849736748101325,1.2926829268292683,2.36322302559762,75.0,0.9395613977065683,0.0,0.0,26.0,0.3257146178716103,1.393103448275862,1.9289473124036849,484.0,2.698987450321762,0.0,0.0,0.0,0.0,1.0749516441005802,9.672101634563234,25.0,0.6120184761033715,0.0,0.0,0.0,0.0,1.1785714285714286,4.380658897732338,14.0,1.4134147190989683,0.0,0.0,7.0,0.7067073595494842,1.4444444444444444,2.4496506381993415,26.0,0.6375772847888528,0.0,0.0,4.0,0.0980888130444389,1.5454545454545452,1.2722142828459109,15.0,0.6792490765608804,0.0,0.0,8.0,0.36226617416580287,3.1428571428571432,,27.0,0.9320912814252849,0.0,0.0,18.0,0.6213941876168566,1.5,2.5824144759795757,10.0,0.46660398619785404,0.0,0.0,6.0,0.27996239171871246,1.8181818181818181,1.7718382035010827
8,2020-03-12,2020-03-12,454.0,4.101347364879802,0.0,0.0,177.0,1.598983444017015,1.2654205607476636,3.2479928430146767,500.0,3.82358849745284,0.0,0.0,134.0,1.024721717317361,1.2946859903381642,2.781843211248483,137.0,3.7587528183787104,0.0,0.0,47.0,1.2894991420715283,1.4291338582677164,2.24260572831545,30.0,1.1943069774996546,0.0,0.0,6.0,0.23886139549993093,1.6222222222222222,1.279790124058153,38.0,5.563803650440859,0.0,0.0,17.0,2.4890700541445945,1.9189189189189186,1.1250906816547606,88.0,4.77954614950529,0.0,0.0,40.0,2.172520977047859,1.625,1.4254185151214398,99.0,1.5800034760076471,0.0,0.0,51.0,0.8139411846100001,1.5655172413793104,1.7707323071491612,23.0,1.4288598630158262,0.0,0.0,6.0,0.3727460512215199,1.3396226415094339,2.6228416701137656,129.0,1.6160456040552975,0.0,0.0,54.0,0.6764842063487292,1.5445544554455446,1.6080503264451165,688.0,3.8365772021102735,0.0,0.0,204.0,1.1375897517885112,1.1417004048582995,6.331998316609349,52.0,1.2729984302950126,0.0,0.0,27.0,0.6609799541916411,1.393939393939394,2.8889896030727114,14.0,1.4134147190989683,0.0,0.0,0.0,0.0,1.2820512820512822,4.0044012143448295,45.0,1.1034991467499375,0.0,0.0,19.0,0.46592186196108476,1.6029411764705883,1.2346923749896597,27.0,1.2226483378095847,0.0,0.0,12.0,0.5433992612487043,2.227272727272727,,31.0,1.0701788786734752,0.0,0.0,4.0,0.13808759724819036,1.3833333333333335,1.7010721906593316,14.0,0.6532455806769957,0.0,0.0,4.0,0.1866415944791416,1.6,1.2599793611507768
9,2020-03-13,2020-03-13,454.0,4.101347364879802,0.0,0.0,0.0,0.0,1.2008862629246675,3.080665821464965,558.0,4.267124763157369,0.0,0.0,58.0,0.4435362657045294,1.2400497512437811,3.4253541487981223,174.0,4.773890440860551,0.0,0.0,37.0,1.0151376224818414,1.369146005509642,1.912400001939087,44.0,1.7516502336661601,0.0,0.0,14.0,0.5573432561665055,1.5479452054794522,1.335844037963951,42.0,6.149467192592527,0.0,0.0,4.0,0.5856635421516693,1.535211267605634,0.996754332763107,99.0,5.376989418193451,0.0,0.0,11.0,0.5974432686881612,1.441025641025641,1.495833017326993,148.0,2.3620253984760784,0.0,0.0,49.0,0.7820219224684314,1.5682819383259914,1.534189203397669,33.0,2.0501032817183593,0.0,0.0,10.0,0.6212434187025331,1.352112676056338,2.3429880040090034,230.0,2.881321619633476,0.0,0.0,101.0,1.2652760155781786,1.669871794871795,1.51707256891699,936.0,5.2195294493825815,0.0,0.0,248.0,1.382952247272308,1.2119779353821907,4.148681296946113,102.0,2.4970353825017555,0.0,0.0,50.0,1.224036952206743,1.6014492753623188,1.6060365054059953,40.0,4.038327768854195,0.0,0.0,26.0,2.624913049755227,1.6199999999999999,1.5446565169108593,83.0,2.035342870672107,0.0,0.0,38.0,0.9318437239221695,1.724770642201835,1.5122701049301313,42.0,1.901897414370465,0.0,0.0,15.0,0.6792490765608804,1.857142857142857,,48.0,1.6570511669782844,0.0,0.0,17.0,0.586872288304809,1.4939759036144578,1.511865199550461,29.0,1.3531515599737767,0.0,0.0,15.0,0.6999059792967811,1.84375,1.050054313232528
10,2020-03-14,2020-03-14,569.0,5.1402349132524385,0.0,0.0,115.0,1.038887548372637,1.2244772447724477,3.086525011217042,681.0,5.207727533530768,0.0,0.0,123.0,0.9406027703733986,1.2131394182547643,3.5183988224162404,216.0,5.9262088231372365,0.0,0.0,42.0,1.152318382276685,1.3380281690140845,1.8900231791634063,61.0,2.428424187582631,0.0,0.0,17.0,0.676773953916471,1.486725663716814,1.5634542469468033,50.0,7.3207942768958665,0.0,0.0,8.0,1.1713270843033385,1.4220183486238531,1.2066055844600478,158.0,8.581457859339043,0.0,0.0,59.0,3.204468441145592,1.501779359430605,1.684637936156815,203.0,3.239805107369216,0.0,0.0,55.0,0.8777797088931373,1.497191011235955,1.4932958506001057,45.0,2.795595384161399,0.0,0.0,12.0,0.7454921024430398,1.3645833333333333,2.2027605709764675,253.0,3.1694537815968236,0.0,0.0,23.0,0.2881321619633476,1.4126679462571976,1.5740003297201812,1154.0,6.435189086097755,0.0,0.0,218.0,1.2156596367151737,1.217815344603381,2.891318217837266,121.0,2.962169424340318,0.0,0.0,19.0,0.4651340418385623,1.4705882352941175,1.5200841312375082,40.0,4.038327768854195,0.0,0.0,0.0,0.0,1.4197530864197532,1.5281828586683692,93.0,2.2805649032832043,0.0,0.0,10.0,0.24522203261109723,1.430851063829787,1.7140739238736336,45.0,2.0377472296826413,0.0,0.0,3.0,0.13584981531217608,1.4945054945054945,1.4589119673139614,60.0,2.0713139587228553,0.0,0.0,12.0,0.4142627917445711,1.411290322580645,1.5862928594342547,46.0,2.1463783365101285,0.0,0.0,17.0,0.7932267765363519,1.7457627118644068,1.1650697892657242
11,2020-03-15,2020-03-15,827.0,7.470956543514528,0.0,0.0,258.0,2.3307216302620897,1.2963335007533905,2.8721279297414295,886.0,6.775398817486432,0.0,0.0,205.0,1.5676712839556644,1.2364613476643243,3.3370566229589165,265.0,7.270580269126702,0.0,0.0,49.0,1.3443714459894658,1.3263157894736843,2.6505187695371037,84.0,3.344059536999033,0.0,0.0,23.0,0.9156353494164019,1.4464285714285714,2.155843054748171,53.0,7.760041933509618,0.0,0.0,3.0,0.439247656613752,1.3161290322580643,3.260371946224596,162.0,8.79870995704383,0.0,0.0,4.0,0.2172520977047859,1.3151658767772512,2.296673152325588,286.0,4.564454486244314,0.0,0.0,83.0,1.3246493788750981,1.4709193245778613,1.6166065665999827,50.0,3.1062170935126656,0.0,0.0,5.0,0.31062170935126654,1.2824427480916032,2.4503330639124647,287.0,3.595388281890468,0.0,0.0,34.0,0.42593450029364427,1.3233695652173916,2.064433960162737,1407.0,7.846023435129585,0.0,0.0,253.0,1.4108343490318302,1.2463961558996262,2.6142085325270448,168.0,4.112764159414656,0.0,0.0,47.0,1.1505947350743384,1.44,1.4891265501751052,32.0,3.230662215083356,0.0,0.0,-8.0,-0.807665553770839,1.2173913043478262,2.5641924234971123,130.0,3.187886423944264,0.0,0.0,37.0,0.9073215206610598,1.4014869888475838,1.757110430263961,47.0,2.1283137732240918,0.0,0.0,2.0,0.09056654354145072,1.2941176470588236,2.4799360118287246,103.0,3.5557556291409016,0.0,0.0,43.0,1.4844416704180463,1.5371428571428571,2.0764463080734124,51.0,2.3796803296090556,0.0,0.0,5.0,0.23330199309892702,1.4563106796116503,1.5583116653259401
12,2020-03-16,2020-03-16,1105.0,9.982354269145771,0.0,0.0,278.0,2.511397725631244,1.3208058891902361,2.9139572254637574,1067.0,8.15953785356436,0.0,0.0,181.0,1.384139036077928,1.2343697759946506,3.503655450816979,300.0,8.230845587690606,0.0,0.0,35.0,0.9602653185639041,1.2380952380952381,3.486168994007605,94.0,3.7421618628322513,0.0,0.0,10.0,0.3981023258332182,1.2880658436213992,2.365026585837215,56.0,8.199289590123369,0.0,0.0,3.0,0.439247656613752,1.1715686274509804,6.875414169900206,260.0,14.121386350811084,0.0,0.0,98.0,5.322676393767255,1.381981981981982,2.6066336203467597,342.0,5.458193826208236,0.0,0.0,56.0,0.8937393399639216,1.3749999999999998,2.2087684863696935,51.0,3.168341435382919,0.0,0.0,1.0,0.06212434187025331,1.2023809523809523,3.451621742571182,391.0,4.89824675337691,0.0,0.0,104.0,1.3028584714864413,1.3244353182751538,2.84170673907182,1541.0,8.593263762284783,0.0,0.0,134.0,0.7472403271551986,1.2263868065967019,3.4307498442966238,325.0,7.956240189343829,0.0,0.0,157.0,3.843476029929173,1.641025641025641,1.6645569904089643,85.0,8.581446508815166,0.0,0.0,53.0,5.350784293731809,1.5071428571428573,2.0482804556104766,140.0,3.4331084565553613,0.0,0.0,10.0,0.24522203261109723,1.3023872679045092,2.549597171738546,77.0,3.486811926345853,0.0,0.0,30.0,1.3584981531217608,1.3522727272727273,3.138663479090374,123.0,4.246193615381854,0.0,0.0,20.0,0.6904379862409518,1.3568773234200744,1.9692116064173035,55.0,2.5663219240881974,0.0,0.0,4.0,0.1866415944791416,1.3,2.0997578449218506
13,2020-03-17,2020-03-17,1479.0,13.360997252548955,2.0,0.018067609536915424,374.0,3.3786429834031844,1.3006746846582575,2.2908135033710457,1109.0,8.480719287350398,4.0,0.03058870797962272,42.0,0.32118143378603853,1.1649512459371616,3.802746736227383,345.0,9.465472425844197,0.0,0.0,45.0,1.234626838153591,1.1904761904761905,4.083383841557188,73.0,2.906146978582493,0.0,0.0,-21.0,-0.8360148842497582,1.1373801916932909,4.796997322521727,57.0,8.345705475661287,0.0,0.0,1.0,0.14641588553791732,1.0794979079497908,9.572639879060482,310.0,16.837037572120906,0.0,0.0,50.0,2.7156512213098236,1.2894393741851369,2.492446245865837,373.0,5.9529423894025495,0.0,0.0,31.0,0.49474856319431376,1.2541743970315398,2.924255768252189,45.0,2.795595384161399,0.0,0.0,-6.0,-0.3727460512215199,1.1089108910891088,9.298085658537374,325.0,4.071432723395129,0.0,0.0,-66.0,-0.8268140299817801,1.151937984496124,6.1514123277340875,2105.0,11.738364840758903,6.0,0.0334585221114268,564.0,3.1451010784741196,1.2474676912329723,3.6288377808725576,442.0,10.820486657507606,0.0,0.0,117.0,2.8642464681637785,1.5078125,1.7679129479866909,75.0,7.571864566601616,0.0,0.0,-10.0,-1.0095819422135488,1.2890995260663507,3.446797266386239,182.0,4.46304099352197,0.0,0.0,42.0,1.0299325369666084,1.2790224032586557,3.501848575350473,58.0,2.6264297627020707,0.0,0.0,-19.0,-0.8603821636437818,1.1302521008403361,5.8607695263387996,127.0,4.384281212630044,0.0,0.0,4.0,0.13808759724819036,1.263013698630137,2.6020875162274675,51.0,2.3796803296090556,0.0,0.0,-4.0,-0.1866415944791416,1.1897435897435897,5.3002977756255385
14,2020-03-18,2020-03-18,1609.0,14.535391872448459,2.0,0.018067609536915424,130.0,1.1743946198995026,1.260487144790257,2.6055302582406688,1243.0,9.50544100466776,4.0,0.03058870797962272,134.0,1.024721717317361,1.159265287142525,4.854180543602268,391.0,10.727535415956757,0.0,0.0,46.0,1.2620629901125597,1.1669230769230767,4.7781080260208,92.0,3.6625413976656076,0.0,0.0,19.0,0.7563944190831146,1.1348314606741572,10.171321952876132,69.0,10.102696102116296,0.0,0.0,12.0,1.756990626455008,1.1046511627906976,9.668317980547457,358.0,19.44406274457834,0.0,0.0,48.0,2.6070251724574307,1.261880687563195,3.0336636031578155,432.0,6.894560622578824,0.0,0.0,59.0,0.9416182331762746,1.2100591715976332,3.902799022560906,56.0,3.4789631447341853,0.0,0.0,11.0,0.6833677605727865,1.1026785714285714,20.876802405029252,478.0,5.988137974716529,0.0,0.0,153.0,1.9167052513213994,1.1668909825033649,4.962445582102496,2372.0,13.227269074717396,6.0,0.0334585221114268,267.0,1.4889042339584928,1.2010359792804144,3.759229675462369,474.0,11.603870306919923,0.0,0.0,32.0,0.7833836494123154,1.3212435233160622,1.8742929839569038,88.0,8.88432109147923,0.0,0.0,13.0,1.3124565248776134,1.1764705882352942,2.854023215750781,198.0,4.855396245699725,0.0,0.0,16.0,0.3923552521777556,1.1831210191082802,3.7511875626152613,105.0,4.7547435359261625,0.0,0.0,47.0,2.1283137732240918,1.234200743494424,3.638775832392802,159.0,5.488981990615566,0.0,0.0,32.0,1.104700777985523,1.2407809110629067,3.211129642915396,74.0,3.45286949786412,0.0,0.0,23.0,1.0731891682550643,1.1939655172413792,7.289783674902241
15,2020-03-19,2020-03-19,2155.0,19.46784927602637,6.0,0.054202828610746275,546.0,4.932457403577911,1.2837716943997137,3.02519208196382,1692.0,12.93902347538041,8.0,0.06117741595924544,449.0,3.43358247071265,1.2027677496991578,4.791640199476007,573.0,15.720915072489058,0.0,0.0,182.0,4.993379656532301,1.2353328938694794,3.8353975248984566,134.0,5.334571166165124,0.0,0.0,42.0,1.6720297684995165,1.1806930693069309,7.595802209171615,80.0,11.713270843033385,0.0,0.0,11.0,1.6105747409170905,1.105263157894737,6.715083243705888,432.0,23.46322655211688,0.0,0.0,74.0,4.019163807538539,1.219551282051282,3.038107317869493,682.0,10.884468390274902,0.0,0.0,250.0,3.989907767696079,1.2927872860635696,3.5154968017341024,98.0,6.088185503284825,0.0,0.0,42.0,2.609222358550639,1.2145748987854252,4.81547836042931,669.0,8.38088766754259,0.0,0.0,191.0,2.3927496928260608,1.2399077277970012,3.6606531233886916,3033.0,16.91328292732625,6.0,0.0334585221114268,661.0,3.686013852608853,1.2190231961767106,3.5230079888484176,637.0,15.594230771113905,0.0,0.0,163.0,3.990360464193982,1.3372549019607842,2.2778464116330612,99.0,9.994861227914134,0.0,0.0,11.0,1.1105401364349037,1.184375,3.022285830829627,275.0,6.743605896805174,0.0,0.0,77.0,1.8882096511054487,1.2449528936742935,3.7566959264821818,140.0,6.33965804790155,0.0,0.0,35.0,1.5849145119753876,1.286144578313253,2.780212543165733,202.0,6.973423661033613,0.0,0.0,43.0,1.4844416704180463,1.2482517482517483,4.321912757648524,98.0,4.57271906473897,0.0,0.0,24.0,1.1198495668748498,1.187725631768953,4.324020181955072
16,2020-03-20,2020-03-20,2746.0,24.806827894184877,10.0,0.09033804768457712,591.0,5.3389786181585075,1.2674564459930313,3.1549360464294773,2401.0,18.36087196476854,12.0,0.09176612393886815,709.0,5.421848489388127,1.2526263131565782,3.390266464903137,731.0,20.05582708200611,0.0,0.0,158.0,4.334912009517053,1.248665955176094,3.0286908863973867,192.0,7.64356465599779,0.0,0.0,58.0,2.3089934898326656,1.2264150943396226,3.4048210357001447,121.0,17.716322150087997,0.0,0.0,41.0,6.00305130705461,1.2158730158730158,3.6872412488982333,586.0,31.827432313751135,0.0,0.0,154.0,8.364205761634258,1.278580814717477,3.541651905845206,813.0,12.975180060547649,1.0,0.015959631070784314,131.0,2.090711670272745,1.2491725768321513,2.968139289019118,131.0,8.138288785003184,0.0,0.0,33.0,2.0501032817183593,1.27,2.6008803007560375,803.0,10.059570698111658,0.0,0.0,134.0,1.6786830305690688,1.2400000000000002,3.2071540028440477,3497.0,19.500741970609923,6.0,0.0334585221114268,464.0,2.5874590432836726,1.1998470070759228,3.458499744286418,801.0,19.60907197435202,1.0,0.024480739044134857,164.0,4.014841203238117,1.3093841642228738,3.1949167067792366,146.0,14.739896356317812,0.0,0.0,47.0,4.745035128403679,1.3007915567282322,5.098385650990898,394.0,9.66174808487723,0.0,0.0,119.0,2.918142188072057,1.2854054054054054,2.7924920718687396,180.0,8.150988918730565,0.0,0.0,40.0,1.8113308708290143,1.3114754098360655,2.6871353729129557,266.0,9.182825217004659,1.0,0.03452189931204759,64.0,2.209401555971046,1.2282913165266105,3.454156675488588,149.0,6.952399394348025,0.0,0.0,51.0,2.3796803296090556,1.2978723404255321,2.6192394923408937
17,2020-03-21,2020-03-21,3668.0,33.13599589070289,16.0,0.1445408762953234,922.0,8.329167996518011,1.281834176380031,2.9481910214068785,2960.0,22.635643904920812,19.0,0.1452963629032079,559.0,4.274771940152275,1.251996805111821,2.6437648093865813,866.0,23.759707596466885,1.0,0.027436151958968688,135.0,3.703880514460773,1.241880341880342,2.8103749067063135,254.0,10.111799076163743,,,62.0,2.468234420165953,1.2735042735042734,2.1463276932071604,142.0,20.79105574638426,,,21.0,3.0747335962962636,1.2245430809399478,2.903555789010406,587.0,31.881745338177332,,,1.0,0.054313024426196475,1.1680369989722508,3.9167676644425646,1080.0,17.23640155644706,2.0,0.03191926214156863,267.0,4.261221495899412,1.279333838001514,2.5126943874362264,165.0,10.250516408591796,,,34.0,2.1122276235886126,1.2992125984251968,2.0100476997075645,1023.0,12.815617464717592,,,220.0,2.756046766605934,1.237059264816204,2.4648886362996514,3542.0,19.751680886445623,6.0,0.0334585221114268,45.0,0.250938915835701,1.1594676442460952,4.850832546059726,938.0,22.962933223398498,1.0,0.024480739044134857,137.0,3.3538612490464756,1.2288167226577082,3.4153025387317277,187.0,18.87918231939336,,,41.0,4.13928596307555,1.206896551724138,2.9704048357281545,567.0,13.904089249049212,,,173.0,4.242341164171982,1.359125315391085,2.341089332512898,188.0,8.513255092896367,1.0,0.04528327177072536,8.0,0.36226617416580287,1.1982142857142857,2.397608170046265,308.0,10.632744988110657,1.0,0.03452189931204759,42.0,1.4499197711059988,1.2109464082098063,3.031586229100827,187.0,8.72549454189987,,,38.0,1.7730951475518455,1.3091334894613582,2.1014348344315708
18,2020-03-22,2020-03-22,3807.0,34.39169475351851,21.0,0.18970990013761196,139.0,1.255698862815622,1.199708329758943,3.0747600946155647,3650.0,27.91219603140573,21.0,0.16059071689301926,690.0,5.276552126484919,1.2701754385964912,2.554273235082133,1024.0,28.094619605983937,1.0,0.027436151958968688,158.0,4.334912009517053,1.2336545079146592,2.96403235418414,274.0,10.90800372783018,,,20.0,0.7962046516664364,1.2697986577181208,2.456075695726823,165.0,24.158621113756357,,,23.0,3.3675653673720984,1.2302771855010661,2.99095427201591,872.0,47.360957299643324,,,285.0,15.479211961465996,1.2472503299604047,3.32108262498122,1175.0,18.75256650817157,2.0,0.03191926214156863,95.0,1.51616495172451,1.2372781065088756,2.81666120156836,172.0,10.68538680168357,,,7.0,0.43487039309177317,1.2565656565656567,2.5066224652004307,1306.0,16.360895805397043,1.0,0.012527485302754243,283.0,3.545278340679451,1.2974530018192842,2.8466729759856397,3545.0,19.768410147501335,6.0,0.0334585221114268,3.0,0.0167292610557134,1.098975874630559,7.229706938984824,1053.0,25.778218213474005,2.0,0.048961478088269714,115.0,2.815284990075509,1.1856014580801946,3.4948080326079327,187.0,18.87918231939336,,,0.0,0.0,1.188235294117647,3.2336678923044526,606.0,14.860455176232492,,,39.0,0.9563659271832792,1.2623762376237624,2.3410695957933148,211.0,9.554770343623051,,,23.0,1.0415152507266832,1.2280178837555888,4.100018849973883,347.0,11.979099061280513,1.0,0.03452189931204759,39.0,1.346354073169856,1.207156308851224,3.4960232792441057,216.0,10.078646101873648,,,29.0,1.3531515599737767,1.295169946332737,2.485674505521608
19,2020-03-23,2020-03-23,3811.0,34.42782997259234,21.0,0.18970990013761196,4.0,0.03613521907383085,1.1574544154451198,4.725258149250616,4892.0,37.409989859078586,26.0,0.19882660186754766,1242.0,9.497793827672854,1.305457893855684,2.726540974853703,1077.0,29.548735659809278,1.0,0.027436151958968688,53.0,1.4541160538253404,1.191352859135286,4.334455581229866,288.0,11.465346983996685,,,14.0,0.5573432561665055,1.207188160676533,3.6754690173312348,170.0,24.890700541445945,,,5.0,0.7320794276895866,1.1750433275563257,3.8133231004594554,943.0,51.21718203390328,,,71.0,3.85622473425995,1.2063492063492063,3.5387201966865742,1347.0,21.497623052346473,3.0,0.047878893212352946,172.0,2.745056544174902,1.2187948350071736,4.0077816233880865,172.0,10.68538680168357,,,0.0,0.0,1.1864951768488745,4.960436613473567,1483.0,18.578260703984544,4.0,0.05010994121101697,177.0,2.217364898587501,1.2348679598036925,3.334929689040046,5615.0,31.311600275943583,28.0,0.1561397698533251,2070.0,11.543190128442246,1.2028269435236725,5.56560803097319,1177.0,28.81382985494673,2.0,0.048961478088269714,124.0,3.0356116414727223,1.1801178580579041,4.616529393081961,200.0,20.191638844270976,,,13.0,1.3124565248776134,1.1584158415841586,4.190993567652435,653.0,16.01299872950465,,,47.0,1.152543553272157,1.2230392156862746,3.2088050532541224,212.0,9.600053615393776,,,1.0,0.04528327177072536,1.1298543689320386,7.010061458926521,383.0,13.221887436514226,1.0,0.03452189931204759,36.0,1.2427883752337132,1.1747269890795633,4.4853355233391925,249.0,11.618439256326566,,,33.0,1.5397931544529184,1.2417127071823204,3.099522739090621
20,2020-03-24,2020-03-24,5348.0,48.31278790171184,30.0,0.27101414305373134,1537.0,13.884957929119503,1.1972570581330697,5.054304332675945,5754.0,44.00185642868728,30.0,0.2294153098471704,862.0,6.591866569608696,1.2604680987495993,3.0800629756059883,1220.0,33.4721053899418,1.0,0.027436151958968688,143.0,3.9233697301325225,1.1514867712479513,5.578940637548911,343.0,13.654909776079384,,,55.0,2.1895627920827003,1.1830122591943957,5.38954311912089,183.0,26.79410705343887,,,13.0,1.903406511992925,1.1519174041297935,6.880811211260752,1043.0,56.648484476522924,,,100.0,5.431302442619647,1.178654970760234,4.2599771281268985,1620.0,25.85460233467059,4.0,0.06383852428313726,273.0,4.356979282324118,1.184029821463606,4.332658673879893,199.0,12.362744032180409,,,27.0,1.6773572304968394,1.1368563685636857,7.896737425296732,1764.0,22.098484074058486,6.0,0.07516491181652546,281.0,3.5202233700739427,1.207229371688115,3.563195299786558,6318.0,35.23182378333242,33.0,0.18402187161284742,703.0,3.9202235073888403,1.170809068219634,4.2168789906039,1370.0,33.53861249046476,5.0,0.12240369522067429,193.0,4.724782635518028,1.159140251845419,5.330325655624866,337.0,34.022911452596595,1.0,0.10095819422135488,137.0,13.83127260832562,1.2905982905982905,3.9832350822772824,811.0,19.887506844759987,1.0,0.024522203261109723,158.0,3.874508115255336,1.2148296593186374,4.373024545632003,321.0,14.535930238402841,,,109.0,4.935876623009064,1.1944146079484426,5.427454411367381,478.0,16.50146787115875,2.0,0.06904379862409518,95.0,3.279580434644521,1.1832669322709164,4.986081904011951,327.0,15.257950348669828,1.0,0.0466603986197854,78.0,3.6395110923432616,1.2547274749721913,3.729862358175272
21,2020-03-25,2020-03-25,6069.0,54.82616113976985,37.0,0.3342507764329353,721.0,6.51337323805801,1.171465428276574,5.145951380049175,6558.0,50.15018673259145,37.0,0.28294554881151013,804.0,6.148330303904166,1.2114768275932237,3.3875497013788642,1428.0,39.17882499740728,2.0,0.054872303917937376,208.0,5.706719607465487,1.1417242781618544,5.896992985983546,429.0,17.07858977824506,1.0,0.03981023258332182,86.0,3.4236800021656766,1.1754256106587715,5.445641381575958,200.0,29.283177107583466,,,17.0,2.4890700541445945,1.1011523687580027,8.790468734139546,1262.0,68.54303682585996,,,219.0,11.894552349337028,1.1677003225006202,4.053673726727888,1754.0,27.993192898155687,4.0,0.06383852428313726,134.0,2.1385905634850984,1.155923777961889,5.368931707624001,218.0,13.543106527715222,,,19.0,1.1803624955348129,1.103694874851013,9.861115197286926,2140.0,26.80881854789408,7.0,0.0876923971192797,376.0,4.710334473835595,1.2095939802476878,3.9012135246775377,7197.0,40.13349727265645,43.0,0.2397860751318921,879.0,4.901673489324026,1.1643202913354354,3.4730118652009425,1591.0,38.94885581921856,5.0,0.12240369522067429,221.0,5.410243328753803,1.1479677842292564,5.251498235543689,403.0,40.68615227120602,2.0,0.20191638844270976,66.0,6.663240818609422,1.2431409649952696,3.2624368201751026,959.0,23.516792927404225,6.0,0.14713321956665834,148.0,3.629286082644239,1.186407126360937,5.16329359834273,375.0,16.98122691402201,1.0,0.04528327177072536,54.0,2.4452966756191694,1.1753597122302157,3.849639004555856,577.0,19.91913590305146,3.0,0.10356569793614277,99.0,3.4176680318927115,1.1745230078563413,4.398781396159379,394.0,18.38419705619545,1.0,0.0466603986197854,67.0,3.126246707525622,1.2171985815602837,3.6382501783534873
22,2020-03-26,2020-03-26,7283.0,65.79320012867751,56.0,0.5058930670336319,1214.0,10.967038988907662,1.1592300577016252,3.9322925895155523,7993.0,61.1238857202811,47.0,0.35941731876056693,1435.0,10.97369898768965,1.2113462669018222,3.725070781054024,1656.0,45.43426764405215,4.0,0.10974460783587475,228.0,6.255442646644861,1.1406945681211043,5.574286258569105,477.0,18.98948094224451,1.0,0.03981023258332182,48.0,1.9108911639994475,1.1404282115869016,4.598683085441662,211.0,30.893751848500553,1.0,0.14641588553791732,11.0,1.6105747409170905,1.080232558139535,10.593004860102623,1265.0,68.70597589913854,,,3.0,0.16293907327858942,1.1440407903123009,6.694081501622435,2157.0,34.42492421968177,6.0,0.09575778642470589,403.0,6.431731321526079,1.154386467889908,4.686848814357588,244.0,15.158339416341809,,,26.0,1.615232888626586,1.0853131749460043,7.40266582888637,2347.0,29.40200800556421,8.0,0.10021988242203395,207.0,2.5931894576701287,1.1715914981855884,4.5036563387780735,7924.0,44.187554868491,53.0,0.29555027865093675,727.0,4.054057595834547,1.1671434565358356,3.7327414721754213,1816.0,44.457022104148905,6.0,0.14688443426480915,225.0,5.5081662849303425,1.1432533855441345,4.981724428142428,433.0,43.714898097846664,2.0,0.20191638844270976,30.0,3.0287458266406464,1.187214611872146,2.9125331221662694,1141.0,27.979833920926193,7.0,0.17165542282776805,182.0,4.46304099352197,1.1596218020022246,4.201211108729616,418.0,18.9284076001632,1.0,0.04528327177072536,43.0,1.9471806861411904,1.1759755164498853,3.577374400849542,675.0,23.30228203563212,3.0,0.10356569793614277,98.0,3.3831461325806638,1.175346392737697,3.982269969790285,468.0,21.837066554059568,3.0,0.13998119585935623,74.0,3.45286949786412,1.2046613255644574,3.4566142609133834
23,2020-03-27,2020-03-27,8161.0,73.72488071538339,70.0,0.6323663337920399,878.0,7.9316805867058715,1.165438103199331,3.7840287567677775,9481.0,72.50288508870075,55.0,0.4205947347198124,1488.0,11.37899936841965,1.2021354040281487,4.195684143025751,1955.0,53.637677079783785,8.0,0.2194892156717495,299.0,8.203409435731638,1.1453551912568307,4.627225528294906,537.0,21.378094897243816,1.0,0.03981023258332182,60.0,2.3886139549993093,1.1452236333517394,4.39852918952875,241.0,35.286228414638074,1.0,0.14641588553791732,30.0,4.392476566137519,1.0818083961248655,8.248129124762116,1693.0,91.95195035355063,2.0,0.10862604885239295,428.0,23.245974454412092,1.152460538532962,5.084135318412526,2323.0,37.074222977431965,7.0,0.1117174174954902,166.0,2.6492987577501963,1.1425555693530363,5.0364868624857655,259.0,16.090204544395608,0.0,0.0,15.0,0.9318651280537996,1.0865671641791046,6.778742863026902,2810.0,35.20223370073943,10.0,0.12527485302754243,463.0,5.8002256951752145,1.1663716814159293,4.432485900459502,9235.0,51.498241949837755,72.0,0.40150226533712163,1311.0,7.310687081346757,1.185953789339521,5.674039524208469,1971.0,48.2515366559898,8.0,0.19584591235307885,155.0,3.794514551840903,1.1310118452975595,5.279231151103774,505.0,50.983888081784215,2.0,0.20191638844270976,72.0,7.268989983937551,1.203846153846154,3.2957777164205595,1305.0,32.00147525574819,7.0,0.17165542282776805,164.0,4.021641334821995,1.1676258992805755,4.015556579133175,458.0,20.739738470992215,2.0,0.09056654354145072,40.0,1.8113308708290143,1.1607026675341576,3.8409887263887525,812.0,28.031782241382643,4.0,0.13808759724819036,137.0,4.7295002057505195,1.1890243902439024,3.7507301202856875,542.0,25.28993605192369,4.0,0.1866415944791416,74.0,3.45286949786412,1.1970979443772671,3.621204469212556
24,2020-03-28,2020-03-28,9781.0,88.35964444028488,101.0,0.9124142816142289,1620.0,14.634763724901493,1.194640062597809,4.609883671809408,11150.0,85.26602349319833,77.0,0.5888326286077373,1669.0,12.76313840449758,1.1804602341542187,4.0973589878865075,2161.0,59.28952438333133,8.0,0.2194892156717495,206.0,5.65184730354755,1.1477644492911667,4.755544839092875,645.0,25.677600016242575,1.0,0.03981023258332182,108.0,4.2995051189987565,1.1721311475409835,4.659559514825873,260.0,38.068130239858505,2.0,0.29283177107583463,19.0,2.7819018252204293,1.0895522388059702,7.798066899905748,1765.0,95.86248811223678,2.0,0.10862604885239295,72.0,3.910537758686146,1.1324524653561068,5.150051609836107,2604.0,41.55887930832235,9.0,0.14363667963705884,281.0,4.484656330890393,1.1366155852624713,5.63440061225922,308.0,19.13429729603802,0.0,0.0,49.0,3.0440927516424123,1.1245421245421245,6.627134588562616,3150.0,39.46157870367587,12.0,0.15032982363305092,340.0,4.259345002936443,1.1580993930197268,4.84036038629353,10607.0,59.14909067265068,80.0,0.4461136281523574,1372.0,7.6508487228129285,1.137562346716636,5.391794867201353,2212.0,54.15139476562631,11.0,0.2692881294854834,241.0,5.899858109636501,1.1305993690851734,5.912454550057293,550.0,55.52700682174519,2.0,0.20191638844270976,45.0,4.54311873996097,1.1863684771033014,5.750862523470176,1432.0,35.115795069909126,9.0,0.2206998293499875,127.0,3.1143198141609347,1.159991784760731,4.796249488378868,458.0,20.739738470992215,2.0,0.09056654354145072,0.0,0.0,1.1378923766816142,7.610317615878355,915.0,31.587537870523544,4.0,0.13808759724819036,103.0,3.5557556291409016,1.1818803418803419,4.225773554671577,584.0,27.249672793954677,5.0,0.23330199309892702,42.0,1.959736742030987,1.1691919191919191,4.687237759461279
25,2020-03-29,2020-03-29,9794.0,88.47708390227483,101.0,0.9124142816142289,13.0,0.11743946198995026,1.1213361716063535,5.536093529389855,12881.0,98.50328687138006,107.0,0.8182479384549077,1731.0,13.237263378181732,1.1741010357631425,4.118500303990242,2360.0,64.7493186231661,9.0,0.24692536763071818,199.0,5.4597942398347685,1.1353919239904988,5.453817142685767,721.0,28.703177692575032,1.0,0.03981023258332182,76.0,3.025577676332458,1.1554915672562731,5.172360862766752,275.0,40.26436852292726,2.0,0.29283177107583463,15.0,2.1962382830687597,1.0840182648401826,8.195835479202115,1846.0,100.26184309075869,4.0,0.2172520977047859,81.0,4.399354978521915,1.1142572566875357,6.337488699434158,2605.0,41.57483893939314,9.0,0.14363667963705884,1.0,0.015959631070784314,1.094186268885064,7.077278466991843,348.0,21.619270970848152,1.0,0.06212434187025331,40.0,2.4849736748101323,1.1213355048859934,5.932719825105011,3450.0,43.21982429450214,21.0,0.26307719135783914,300.0,3.7582455908262733,1.1380722299565966,5.547834458006574,11400.0,63.57119201171093,98.0,0.5464891944866378,793.0,4.422101339060243,1.1231074828613647,5.721319962983422,2396.0,58.65585074974712,12.0,0.2937688685296183,184.0,4.504455984120813,1.1145089285714287,6.821397202554155,560.0,56.53658876395873,2.0,0.20191638844270976,10.0,1.0095819422135488,1.1000897666068221,7.725834423552731,1617.0,39.652402673214425,9.0,0.2206998293499875,185.0,4.536607603305299,1.1427053824362607,5.449096532653337,592.0,26.80769688826941,2.0,0.09056654354145072,134.0,6.067958417277198,1.1334975369458127,6.900083387329429,1005.0,34.69450880860783,6.0,0.20713139587228555,90.0,3.106970938084283,1.1524443158808215,4.901987706782928,697.0,32.52229783799043,5.0,0.23330199309892702,113.0,5.272625044035751,1.1598272138228942,5.088059317224983
26,2020-03-30,2020-03-30,10943.0,98.85692558123274,119.0,1.0750227674464676,1149.0,10.379841678957911,1.1186234423676011,6.954299452485696,13989.0,106.97635898173556,127.0,0.9711914783530213,1108.0,8.473072110355494,1.1546095749329004,4.8612096862075935,2464.0,67.60267842689885,11.0,0.30179767154865556,104.0,2.8533598037327437,1.10836820083682,7.051105049498856,761.0,30.295586995907907,2.0,0.07962046516664364,40.0,1.5924093033328728,1.1181915272338911,5.640502952101269,286.0,41.87494326384435,2.0,0.29283177107583463,11.0,1.6105747409170905,1.0724515585509689,9.363797664634554,2053.0,111.50463914698136,5.0,0.2715651221309824,207.0,11.242796056222671,1.1010088111352319,6.570245636646277,3091.0,49.33121963979432,13.0,0.20747520392019608,486.0,7.756380700401177,1.1168399895132395,8.309863690560325,356.0,22.11626570581018,1.0,0.06212434187025331,8.0,0.4969947349620265,1.1002178649237473,6.595751803996253,3732.0,46.75257514987884,26.0,0.3257146178716103,282.0,3.5327508553766966,1.1145570986543858,6.11887061398354,12178.0,67.9096470454926,101.0,0.5632184555423512,778.0,4.338455033781675,1.1074348079287362,6.477511017799901,2584.0,63.25822969004447,18.0,0.44065330279442744,188.0,4.602378940297354,1.0994392149008612,7.695955131841849,706.0,71.27648512027655,7.0,0.7067073595494842,146.0,14.739896356317812,1.1236230110159118,6.411301303077171,1795.0,44.017354853691955,9.0,0.2206998293499875,178.0,4.36495218047753,1.1295320731329408,6.185669130767274,592.0,26.80769688826941,2.0,0.09056654354145072,0.0,0.0,1.0943068231203825,7.2757008142994515,1049.0,36.21347237833792,7.0,0.24165329518433312,44.0,1.5189635697300938,1.1184738955823295,6.330097853266012,719.0,33.548826607625706,5.0,0.23330199309892702,22.0,1.026528769635279,1.1210428305400373,6.24285081928845
27,2020-03-31,2020-03-31,12334.0,111.42294801415741,165.0,1.4905777867955226,1391.0,12.566022432924678,1.1098951307601932,7.387705577957079,14810.0,113.25469129455311,162.0,1.2388426731747202,821.0,6.278332312817563,1.122842109056835,6.195133849890831,2575.0,70.64809129434437,13.0,0.35666997546659296,111.0,3.0454128674455245,1.0867308418271047,10.16145685087882,798.0,31.768565601490813,2.0,0.07962046516664364,37.0,1.4729786055829073,1.102196752626552,7.238348452142529,294.0,43.046270348147694,4.0,0.5856635421516693,8.0,1.1713270843033385,1.0652003142183817,14.063322115382817,2191.0,118.99983651779648,9.0,0.48881721983576826,138.0,7.495197370815114,1.107399675249362,10.394140981637301,3283.0,52.39546880538491,17.0,0.2713137282033334,192.0,3.0642491655905886,1.0881064162754304,8.029578204959208,366.0,22.737509124512712,1.0,0.06212434187025331,10.0,0.6212434187025331,1.0805280528052805,8.286857931181029,4063.0,50.89917278509049,34.0,0.42593450029364427,331.0,4.146597635211655,1.1107883013751694,7.642060352138714,13225.0,73.74815915393657,117.0,0.6524411811728227,1047.0,5.838512108443977,1.103244780305391,8.094359139922846,2726.0,66.73449463431162,19.0,0.4651340418385623,142.0,3.47626494426715,1.0828855086984241,8.620910707862254,782.0,78.94930788109951,7.0,0.7067073595494842,76.0,7.672822760822971,1.126724763979666,6.165201490843346,1882.0,46.1507865374085,12.0,0.2942664391333167,87.0,2.133431683716546,1.1016460905349794,7.233869587789837,680.0,30.792624804093244,6.0,0.27169963062435215,88.0,3.9849279158238318,1.1040508339952342,6.619781607528978,1120.0,38.6645272294933,9.0,0.3106970938084283,71.0,2.4510548511553787,1.0998653500897666,8.888373530281756,784.0,36.58175251791176,6.0,0.27996239171871246,65.0,3.0329259102860515,1.104983388704319,7.325229150479957
28,2020-04-01,2020-04-01,13410.0,121.14332194501792,197.0,1.7796595393861692,1076.0,9.720373930860498,1.1028953404034265,8.043878588541736,16497.0,126.155478884959,225.0,1.720614823853778,1687.0,12.900787590405882,1.1125964917911764,7.509497605488858,2754.0,75.55916249499977,16.0,0.438978431343499,179.0,4.911071200655395,1.069387755102041,12.114684183273726,881.0,35.072814905906526,4.0,0.1592409303332873,83.0,3.3042493044157113,1.099364529173888,9.55954220724111,311.0,45.535340402292285,5.0,0.7320794276895866,17.0,2.4890700541445945,1.051622418879056,16.30814677017607,2311.0,125.51739944894005,14.0,0.7603823419667507,120.0,6.517562931143577,1.0647255969836615,9.757191471673936,3445.0,54.98092903885197,21.0,0.3351522524864706,162.0,2.585460233467059,1.080684596577017,8.76208826094459,406.0,25.222482799322844,3.0,0.18637302561075994,40.0,2.4849736748101323,1.0897984117287722,11.49616764161175,4382.0,54.8954405966691,42.0,0.5261543827156783,319.0,3.996267811578604,1.0913687881429817,8.414503037227057,14351.0,80.02720847018101,134.0,0.7472403271551986,1126.0,6.27904931624443,1.090316885868126,9.203839422354815,2899.0,70.96966248894695,23.0,0.5630569980151017,173.0,4.23516785463533,1.0780553452771469,10.345909903587327,829.0,83.6943430095032,8.0,0.807665553770839,47.0,4.745035128403679,1.1044150821785368,6.00376051831339,2034.0,49.878161433097176,17.0,0.4168774554388653,152.0,3.727374895688678,1.0907732536421366,8.120024865418696,750.0,33.96245382804402,7.0,0.31698290239507754,70.0,3.169829023950775,1.1050359712230216,6.161339992573358,1246.0,43.0142865428113,10.0,0.3452189931204759,126.0,4.349759313317996,1.0885533564578658,9.549054577076632,860.0,40.12794281301545,6.0,0.27996239171871246,76.0,3.546190295103691,1.0956103427540589,7.773441012028364
29,2020-04-02,2020-04-02,14662.0,132.45364551512696,241.0,2.1771469491983084,1252.0,11.310323570109055,1.0867548256371975,6.860947889982274,18496.0,141.44218569777544,268.0,2.049443434634722,1999.0,15.286706812816455,1.1059616022617451,7.801235360028911,2970.0,81.485371318137,19.0,0.5212868872204051,216.0,5.9262088231372365,1.0656975799902548,12.137712845322158,995.0,39.61118142040521,7.0,0.27867162808325274,114.0,4.538366514498688,1.091960063058329,8.767007187602667,327.0,47.87799457089896,6.0,0.878495313227504,16.0,2.342654168606677,1.0469845722300142,16.112985090534316,2406.0,130.67713676942873,14.0,0.7603823419667507,95.0,5.159737320488665,1.0630533149714736,10.692307546106697,3707.0,59.162352379397454,27.0,0.4309100389111765,262.0,4.18142334054549,1.0733963268565345,8.515219746698051,438.0,27.21046173917095,3.0,0.18637302561075994,32.0,1.987978939848106,1.0728699551569507,11.71935042920195,4695.0,58.81654349643117,45.0,0.563736838623941,313.0,3.9211028997620785,1.0822815146189486,8.923009675191176,15427.0,86.02743676883021,161.0,0.8978036766566192,1076.0,6.000228298649207,1.0780427778047634,9.011270140623003,3132.0,76.67367468623037,26.0,0.6364992151475063,233.0,5.704012197283422,1.0717796676289304,10.651194061950298,1020.0,102.97735810578199,11.0,1.1105401364349037,191.0,19.28301509627878,1.1371461920046688,5.097243275393113,2183.0,53.531969719002525,18.0,0.441399658699975,149.0,3.653808285905349,1.085730593607306,9.557298862346952,804.0,36.40775050366319,8.0,0.36226617416580287,54.0,2.4452966756191694,1.1126302083333335,8.166664833462638,1335.0,46.08673558158353,11.0,0.37974089243252346,89.0,3.0724490387722354,1.0787253983130272,9.366998200274226,925.0,43.1608687233015,7.0,0.32662279033849784,65.0,3.0329259102860515,1.0935784851811197,9.302894069131026
30,2020-04-03,2020-04-03,16059.0,145.0738707766624,285.0,2.5746343590104477,1397.0,12.620225261535424,1.102464713867491,7.373605337228328,20237.0,154.75592084590625,307.0,2.3476833374360435,1741.0,13.313735148130789,1.0959399006169055,7.214763296800477,3202.0,87.85055857261774,20.0,0.5487230391793737,232.0,6.365187254480736,1.0641621580431304,10.396819546416017,1075.0,42.79600002707096,9.0,0.3582920932498964,80.0,3.1848186066657456,1.0851780558229065,7.6043060932618785,341.0,49.92781696842981,6.0,0.878495313227504,14.0,2.0498223975308423,1.044206296048225,15.128875237119066,2596.0,140.99661141040605,16.0,0.8690083908191436,190.0,10.31947464097733,1.069399463310817,12.312834603622463,3993.0,63.72680686564177,33.0,0.5266678253358824,286.0,4.564454486244314,1.0860455024487015,10.940485718250194,468.0,29.07419199527855,4.0,0.24849736748101325,30.0,1.8637302561075992,1.0626959247648904,9.538800898792367,5081.0,63.652152823294315,65.0,0.8142865446790258,386.0,4.835609326863138,1.0802578486369452,9.099953215850878,16606.0,92.60203636372557,178.0,0.9926028226389951,1179.0,6.574599594895367,1.0781904747600666,8.952194152039176,3362.0,82.3042446663814,26.0,0.6364992151475063,230.0,5.630569980151018,1.0703210307927495,10.419641045460839,1079.0,108.93389156484191,12.0,1.2114983306562586,59.0,5.956533459059938,1.1331793687451888,6.221853145536117,2336.0,57.283866817952315,21.0,0.5149662684833042,153.0,3.7518970989497875,1.0755966775312795,10.265271463337136,836.0,37.8568152003264,11.0,0.49811598947797897,32.0,1.4490646966632115,1.0713867758923346,8.0809890335039,1443.0,49.81510070728467,15.0,0.5178284896807138,108.0,3.7283651257011394,1.0761077324066028,8.521849035040507,982.0,45.82051144462927,9.0,0.41994358757806866,57.0,2.659642721327768,1.0715181932245923,8.786865853705297
31,2020-04-04,2020-04-04,17014.0,153.7011543305395,316.0,2.854682306832637,955.0,8.627283553877115,1.090063493947306,8.415836328307023,21908.0,167.53435360439363,349.0,2.6688647712220823,1671.0,12.77843275848739,1.0942412738459342,7.019691475449788,3471.0,95.23088344958032,22.0,0.6035953430973111,269.0,7.380324876962577,1.072108843537415,9.26781814034881,1211.0,48.21019165840273,12.0,0.47772279099986187,136.0,5.414191631331768,1.099778270509978,6.708711646099863,354.0,51.83122348042273,6.0,0.878495313227504,13.0,1.903406511992925,1.0436177036561898,14.953862028528633,2697.0,146.4822268774519,16.0,0.8690083908191436,101.0,5.485615467045844,1.0557238037552996,13.032623819959566,4279.0,68.29126135188608,42.0,0.6703045049729413,286.0,4.564454486244314,1.067812089731149,10.23031563741536,501.0,31.12429527699691,5.0,0.31062170935126654,33.0,2.0501032817183593,1.0712881022615537,9.001202192144795,5571.0,69.7906206216439,85.0,1.0648362507341107,490.0,6.13846779834958,1.083769871999271,8.894384552785231,17885.0,99.73427799381139,200.0,1.1152840703808935,1279.0,7.132241630085813,1.0794990736484322,9.246262048326408,3504.0,85.78050961064854,29.0,0.7099414322799109,142.0,3.47626494426715,1.062572264163776,10.658721607872176,1265.0,127.71211569001393,14.0,1.4134147190989683,186.0,18.77822412517201,1.1265851449275361,5.655965895561743,2591.0,63.537028649535294,24.0,0.5885328782666334,255.0,6.253161831582979,1.0778103616813293,8.911024905617085,896.0,40.573811506569925,11.0,0.49811598947797897,60.0,2.7169963062435216,1.0830147460404151,10.498243282860349,1559.0,53.81964102748219,17.0,0.586872288304809,116.0,4.0045403201975205,1.082351041498466,8.576243841467386,1072.0,50.019947320409955,10.0,0.46660398619785404,90.0,4.1994358757806864,1.0826697892271664,9.13955597835318
32,2020-04-05,2020-04-05,18614.0,168.15524196007186,367.0,3.3154063500239803,1600.0,14.454087629532339,1.0854665958981478,8.614761817345247,23846.0,182.35458262052083,396.0,3.0282820899826493,1938.0,14.820229016127207,1.0982729368773656,7.649168220380523,3613.0,99.12681702775387,24.0,0.6584676470152485,142.0,3.895933578173554,1.0693294149078278,9.918412874734807,1305.0,51.952353521234976,17.0,0.676773953916471,94.0,3.7421618628322513,1.102217741935484,7.056654068540411,394.0,57.68785890193942,6.0,0.878495313227504,40.0,5.8566354215166925,1.061462814996927,12.546723633156104,2945.0,159.9518569351486,19.0,1.031947464097733,248.0,13.469630057696726,1.0617982132612083,11.571132709691563,4575.0,73.01531214883823,56.0,0.8937393399639216,296.0,4.724050796952157,1.0690650558614423,9.750798029184354,523.0,32.49103079814248,5.0,0.31062170935126654,22.0,1.366735521145573,1.0720513997246444,10.816164221903149,5712.0,71.55699604933224,89.0,1.1149461919451278,141.0,1.7663754276883483,1.0693090114324142,9.885094200799749,18735.0,104.47423529293019,245.0,1.3662229862165944,850.0,4.739957299118797,1.0711022788861073,10.178510744358757,3663.0,89.67294711866599,32.0,0.7833836494123154,159.0,3.8924375080174425,1.0599756768866415,11.949440042630775,1358.0,137.10122775259993,14.0,1.4134147190989683,93.0,9.389112062586005,1.115778894472362,5.764861077197462,2741.0,67.21535913870176,32.0,0.7847105043555112,150.0,3.6783304891664583,1.077906765826229,9.025578808492208,919.0,41.61532675729661,12.0,0.5433992612487043,23.0,1.0415152507266832,1.0602622289460413,13.465261248054372,1631.0,56.305217777949615,18.0,0.6213941876168566,72.0,2.4855767504674264,1.0762345218558855,9.993138576860686,1140.0,53.192854426555364,10.0,0.46660398619785404,68.0,3.1729071061454075,1.0770062729829115,9.746302226127066
33,2020-04-06,2020-04-06,19395.0,175.21064348423732,387.0,3.4960824453931347,781.0,7.055401524165473,1.075038553642849,9.801886387244188,24974.0,190.98059827077444,437.0,3.3418163467737823,1128.0,8.626015650253606,1.0839439911273074,9.06471153780049,3670.0,100.69067768941508,26.0,0.7133399509331859,57.0,1.5638606616612152,1.0572142410993128,12.741154849034105,1345.0,53.54476282456785,19.0,0.7563944190831146,40.0,1.5924093033328728,1.084872873605268,8.700277461290051,397.0,58.12710655855317,8.0,1.1713270843033385,3.0,0.439247656613752,1.0497973364215403,13.018788406275037,2993.0,162.55888210760605,19.0,1.031947464097733,48.0,2.6070251724574307,1.0526437668853725,12.316961707250549,4674.0,74.59531562484588,61.0,0.9735374953178432,99.0,1.5800034760076471,1.0614530726536326,11.559224894663462,528.0,32.80165250749375,6.0,0.3727460512215199,5.0,0.31062170935126654,1.0522260273972603,14.29558771498017,5960.0,74.6638124044153,92.0,1.1525286478533905,248.0,3.1068163550830525,1.062025863763217,11.665101549408897,19384.0,108.0933321013162,255.0,1.421987189735639,649.0,3.619096808385999,1.0606356320177341,12.006979596836006,3882.0,95.03422896933152,32.0,0.7833836494123154,219.0,5.3612818506655335,1.0593599033816425,13.45645466382763,1483.0,149.7210020302693,14.0,1.4134147190989683,125.0,12.61977427766936,1.1178166096198883,7.083720658762761,2903.0,71.18795606700152,34.0,0.8337549108777306,162.0,3.972596928299775,1.0731173748422382,9.495531367330912,956.0,43.29080781281344,12.0,0.5433992612487043,37.0,1.6754810555168382,1.0489892984542213,15.718521451291434,1671.0,57.686093750431525,20.0,0.6904379862409518,40.0,1.3808759724819035,1.0589132242861103,12.129600436481281,1176.0,54.872628776867636,12.0,0.5599247834374249,36.0,1.6797743503122746,1.0634665595501105,11.013646779697524
34,2020-04-07,2020-04-07,20141.0,181.9498618415068,433.0,3.9116374647421894,746.0,6.739218357269453,1.0638995148348571,11.869873951683012,26163.0,200.0730917177173,481.0,3.6782921345496318,1189.0,9.092493446942854,1.0700432117375138,10.75229265147567,3845.0,105.4920042822346,28.0,0.7682122548511232,175.0,4.80132659281952,1.0516956162117452,16.43522369639327,1384.0,55.0973618953174,20.0,0.7962046516664364,39.0,1.552599070749551,1.0655875906255268,11.358191220965317,399.0,58.41993832962901,9.0,1.317742969841256,2.0,0.29283177107583463,1.0397131825703254,16.16491677283718,3059.0,166.14354171973503,20.0,1.0862604885239295,66.0,3.5846596121289673,1.0478844320598373,16.03139063483553,4837.0,77.19673548938373,73.0,1.165053068167255,163.0,2.6014198645378435,1.0532315809308461,14.691558370578901,531.0,32.988025533104505,8.0,0.4969947349620265,3.0,0.18637302561075994,1.0378356387306753,22.72035393886484,6200.0,77.67040887707631,111.0,1.390550868605721,240.0,3.0065964726610184,1.0557015433583774,14.887875301686067,20220.0,112.75521951550833,282.0,1.5725505392370598,836.0,4.661887414192134,1.0544430182764064,14.614050684618446,3992.0,97.72711026418635,34.0,0.8323451275005852,110.0,2.692881294854834,1.0490224020977028,15.542881509313718,1532.0,154.66795354711567,16.0,1.615331107541678,49.0,4.946951516846389,1.0825141015310233,8.059160182256567,2997.0,73.49304317354584,38.0,0.9318437239221695,94.0,2.305087106544314,1.0638231143170769,11.325115839899718,987.0,44.69458923770593,12.0,0.5433992612487043,31.0,1.403781424892486,1.0414871911131263,17.464010193024833,1730.0,59.72288580984233,24.0,0.8285255834891422,59.0,2.0367920594108075,1.0517083387877995,16.038690933300746,1208.0,56.365761532700766,18.0,0.8398871751561373,32.0,1.4931327558331329,1.0534466477809252,13.675509078767865
35,2020-04-08,2020-04-08,20680.0,186.81908261170548,464.0,4.191685412564379,539.0,4.869220770198707,1.0506560845400832,14.775962672270479,27564.0,210.78678668758016,564.0,4.313007825126803,1401.0,10.713694969862857,1.0625554948432485,12.555942253732967,4028.0,110.51282009072587,32.0,0.877956862686998,183.0,5.02081580849127,1.0464018875344083,19.25999331860573,1472.0,58.60066236264972,22.0,0.8758251168330801,88.0,3.5033004673323203,1.0628164556962025,15.43324795094482,424.0,62.080335468076946,10.0,1.4641588553791731,25.0,3.6603971384479332,1.0440318302387268,18.558972760569304,3165.0,171.90072230891184,23.0,1.249199561802519,106.0,5.757180589176826,1.039818054583625,19.361368027659264,4965.0,79.23956826644412,84.0,1.3406090099458825,128.0,2.0428327770603922,1.0434743715895876,19.631675533269675,555.0,34.47900973799059,11.0,0.6833677605727865,24.0,1.4909842048860795,1.0341042728341827,31.520360914545634,6385.0,79.98799365808584,121.0,1.5158257216332636,185.0,2.317584781009535,1.045715888374702,19.539919162656545,20929.0,116.70890154500859,348.0,1.9405942824627544,709.0,3.9536820295002673,1.0465689970914573,17.74454298806536,4148.0,101.54610555507139,45.0,1.1016332569860685,156.0,3.818995290885038,1.0427104276476662,16.368962434267605,1637.0,165.26856394035795,23.0,2.3220384670911622,105.0,10.600610393242263,1.0830728003573022,10.896015396683808,3144.0,77.09780705292897,50.0,1.226110163055486,147.0,3.604763879383129,1.0595518867924527,14.556016183862065,1020.0,46.18893720613987,16.0,0.7245323483316057,33.0,1.494347968433937,1.0400522420548541,20.965140617759353,1827.0,63.07151004311095,28.0,0.9666131807373325,97.0,3.348624233268616,1.0477968633308439,18.42548118045494,1285.0,59.95861222642424,20.0,0.9332079723957081,77.0,3.5928506937234763,1.0543205449982074,16.487678151527618
36,2020-04-09,2020-04-09,21603.0,195.15728441299194,519.0,4.6885446748295525,923.0,8.338201801286468,1.0478798881515796,19.14833819167418,28827.0,220.44517123214604,635.0,4.855957391765107,1263.0,9.658384544565873,1.0555943915471455,14.498948344458565,4202.0,115.28671053158642,37.0,1.0151376224818414,174.0,4.773890440860551,1.0392441080152466,17.542584435998243,1578.0,62.82054701648183,30.0,1.1943069774996546,106.0,4.219884653832113,1.054637486973351,14.743471795764329,445.0,65.15506906437321,11.0,1.6105747409170905,21.0,3.0747335962962636,1.046239837398374,22.41425409560746,3320.0,180.3192410949723,44.0,2.389773074752645,155.0,8.418518786060453,1.0419274513762702,23.449713868890623,5242.0,83.66038607305138,100.0,1.5959631070784315,277.0,4.420817806607255,1.0412773253321903,20.840835856185333,572.0,35.53512354978489,11.0,0.6833677605727865,17.0,1.0561138117943063,1.0269143290371492,30.270169477588656,6804.0,85.23700999993987,141.0,1.7663754276883483,419.0,5.249016341854028,1.0413369987930803,16.552218526398832,21961.0,122.463767348174,384.0,2.1413454151313154,1032.0,5.75486580316541,1.0419544429919818,17.573067511781712,4336.0,106.14848449536875,50.0,1.224036952206743,188.0,4.602378940297354,1.0433581739538276,17.173458656832846,1693.0,170.92222281675382,23.0,2.3220384670911622,56.0,5.653658876395873,1.0588316151202748,12.841376579573238,3261.0,79.96690483447881,52.0,1.2751545695777056,117.0,2.8690977815498377,1.0466054535336673,16.226367829484836,1075.0,48.67951715352976,16.0,0.7245323483316057,55.0,2.490579947389895,1.0374633737965675,18.318829199777493,1932.0,66.69630947087595,34.0,1.173744576609618,105.0,3.6247994277649966,1.0443098123069614,16.195865300629443,1351.0,63.03819853533008,20.0,0.9332079723957081,66.0,3.079586308905837,1.0474409114096241,16.184686704143555
